"tile","ref"
"NH65SW","NH6050"
"NH78NW","NH7085"
"NH79SW","NH7090"
"NN60NW","NN6005"
"NN60SE","NN6500"
"NO10NW","NO1005"
"NO26SW","NO2060"
"NO37NW","NO3075"
"NO38SE","NO3580"
"NO56SE","NO5560"
"NO66NW","NO6065"
"NS45NE","NS4555"
"NS55SW","NS5050"
"NS67SW","NS6070"
"NS88SE","NS8580"
"NT06NE","NT0565"
"NT08NW","NT0085"
"NT26NW","NT2065"
"NV84SW","NV8040"
"NV96NE","NV9565"
"NW42SW","NW4020"
"NW43SE","NW4530"
"NX14NW","NX1045"
"NX95SE","NX9550"
"NY15NW","NY1055"
"NY15SW","NY1050"
"NY42NE","NY4525"
"NY53SW","NY5030"
"NZ06SW","NZ0060"
"NZ13SW","NZ1030"
"NZ15NW","NZ1055"
"NZ24NE","NZ2545"
"NZ25SE","NZ2550"
"NZ34NW","NZ3045"
"NZ36SE","NZ3560"
"SB38NW","SB3085"
"SD08NE","SD0585"
"SD09NE","SD0595"
"SD17NE","SD1575"
"SD17SE","SD1570"
"SD20SE","SD2500"
"SD21SE","SD2510"
"SD27NW","SD2075"
"SD27SW","SD2070"
"SD31SW","SD3010"
"SD40NW","SD4005"
"SD41SW","SD4010"
"SD46SE","SD4560"
"SD52NW","SD5025"
"SD70NW","SD7005"
"SD71SW","SD7010"
"SE14NE","SE1545"
"SE14SW","SE1040"
"SE21SE","SE2510"
"SE27NE","SE2575"
"SE28SE","SE2580"
"SE30NW","SE3005"
"SE35NW","SE3055"
"SE42NW","SE4025"
"SE43SW","SE4030"
"SE63SW","SE6030"
"SE77NW","SE7075"
"SE81NE","SE8515"
"SE81SE","SE8510"
"SH35NE","SH3555"
"SH36SE","SH3560"
"SJ07SW","SJ0070"
"SJ08SE","SJ0580"
"SJ16NE","SJ1565"
"SJ18SE","SJ1580"
"SJ18SW","SJ1080"
"SJ26NW","SJ2065"
"SJ33NW","SJ3035"
"SJ34NW","SJ3045"
"SJ35SW","SJ3050"
"SJ47SW","SJ4070"
"SJ57SW","SJ5070"
"SJ58SW","SJ5080"
"SJ63SE","SJ6530"
"SJ75NW","SJ7055"
"SJ75SW","SJ7050"
"SJ91NE","SJ9515"
"SK01SW","SK0010"
"SK21SE","SK2510"
"SK28SE","SK2580"
"SK33SE","SK3530"
"SK38SW","SK3080"
"SK44NW","SK4045"
"SK54NW","SK5045"
"SK58NW","SK5085"
"SK65SE","SK6550"
"SK71NE","SK7515"
"SK97NE","SK9575"
"SN50NE","SN5505"
"SN50SE","SN5500"
"SN55SE","SN5550"
"SO04NW","SO0045"
"SO04SW","SO0040"
"SO05NE","SO0555"
"SO05NW","SO0055"
"SO05SW","SO0050"
"SO21SE","SO2510"
"SO31SE","SO3510"
"SO34NE","SO3545"
"SO34SE","SO3540"
"SO53NW","SO5035"
"SO55SE","SO5550"
"SO70SW","SO7000"
"SO73NE","SO7535"
"SO74SE","SO7540"
"SO98NW","SO9085"
"SO98SW","SO9080"
"SO99NW","SO9095"
"SP39SE","SP3590"
"SP56NE","SP5565"
"SP56NW","SP5065"
"SP57NW","SP5075"
"SP81SE","SP8510"
"SP90NE","SP9505"
"SS48SE","SS4580"
"SS50SW","SS5000"
"SS59SW","SS5090"
"SS79NW","SS7095"
"SS87SE","SS8570"
"SS97NW","SS9075"
"SS97SW","SS9070"
"ST06NE","ST0565"
"ST06SE","ST0560"
"ST13SE","ST1530"
"ST39NE","ST3595"
"ST39SE","ST3590"
"ST44SE","ST4540"
"ST54NE","ST5545"
"ST62NE","ST6525"
"ST62SW","ST6020"
"ST63SW","ST6030"
"ST79NE","ST7595"
"ST92NW","ST9025"
"SU18NW","SU1085"
"SU18SE","SU1580"
"SU20SE","SU2500"
"SU41NE","SU4515"
"SU51SE","SU5510"
"SU65SW","SU6050"
"SU75SW","SU7050"
"SU76SW","SU7060"
"SU77SE","SU7570"
"SU85NW","SU8055"
"SU87SE","SU8570"
"SU88NW","SU8085"
"SU98NW","SU9085"
"SW74SW","SW7040"
"SW94NW","SW9045"
"SX05NW","SX0055"
"SX38NE","SX3585"
"SX49SW","SX4090"
"SX64SW","SX6040"
"SX65SW","SX6050"
"SX75NE","SX7555"
"SX85SE","SX8550"
"SX86SE","SX8560"
"SX87SE","SX8570"
"SX87SW","SX8070"
"SY59NW","SY5095"
"SY59SE","SY5590"
"SY78NE","SY7585"
"SY79SW","SY7090"
"SY88SE","SY8580"
"SY98SW","SY9080"
"SZ07NW","SZ0075"
"SZ39NE","SZ3595"
"TF10SW","TF1000"
"TF14SW","TF1040"
"TF27SW","TF2070"
"TF36SE","TF3560"
"TF49SE","TF4590"
"TF49SW","TF4090"
"TF55NE","TF5555"
"TF83SW","TF8030"
"TG13SE","TG1530"
"TL14NE","TL1545"
"TL17NE","TL1575"
"TL19NE","TL1595"
"TL29NE","TL2595"
"TL29NW","TL2095"
"TL45NE","TL4555"
"TL59NE","TL5595"
"TL70NE","TL7505"
"TL86SE","TL8560"
"TL86SW","TL8060"
"TM14SW","TM1040"
"TM17NW","TM1075"
"TM24SW","TM2040"
"TM37NE","TM3575"
"TQ07SE","TQ0570"
"TQ09NW","TQ0095"
"TQ10NE","TQ1505"
"TQ19SW","TQ1090"
"TQ21SW","TQ2010"
"TQ24SW","TQ2040"
"TQ26NE","TQ2565"
"TQ27NW","TQ2075"
"TQ28SE","TQ2580"
"TQ33NW","TQ3035"
"TQ35SW","TQ3050"
"TQ37NW","TQ3075"
"TQ41SW","TQ4010"
"TQ44SE","TQ4540"
"TQ49NW","TQ4095"
"TQ59NW","TQ5095"
"TQ62NE","TQ6525"
"TQ79SW","TQ7090"
"TQ82NW","TQ8025"
"TQ92NE","TQ9525"
"TQ94NW","TQ9045"
"TQ99SE","TQ9590"
"TR01NE","TR0515"
"TR02SW","TR0020"
"TR15NW","TR1055"
"TR16SW","TR1060"
"TR25NE","TR2555"
"TR26NE","TR2565"
"TR26SW","TR2060"
"TR27SE","TR2570"
"TR36NW","TR3065"
